Production_ID,Product_Name,Production_Date,Quantity_Produced,Machine_ID,Machine_Status,Downtime_Hours,Maintenance_Date,Technician_Name
P0001,Product A,2024-10-01,153,M003,Maintenance,2,2024-10-05,Doe
P0002,Product A,2024-10-02,170,M003,Operational,0,2024-10-05,John
P0003,Product C,2024-10-03,197,M005,Maintenance,0,N/A,Anna
P0004,Product B,2024-10-04,141,M005,Operational,0,2024-10-02,Doe
P0005,Product B,2024-10-05,144,M004,Maintenance,6,2024-10-05,John
P0006,Product B,2024-10-06,181,M002,Maintenance,7,N/A,Anna
P0007,Product A,2024-10-07,179,M004,Maintenance,8,N/A,N/A
P0008,Product E,2024-10-08,179,M005,Maintenance,1,2024-10-04,John
P0009,Product A,2024-10-09,117,M004,Operational,0,2024-10-04,Doe
P0010,Product E,2024-10-10,119,M003,Maintenance,3,2024-10-02,N/A
P0011,Product D,2024-10-11,160,M003,Maintenance,6,2024-10-05,Doe
P0012,Product A,2024-10-12,155,M005,Maintenance,4,2024-10-05,Anna
P0013,Product A,2024-10-13,115,M005,Operational,0,2024-10-04,John
P0014,Product A,2024-10-14,195,M004,Operational,0,2024-10-02,N/A
P0015,Product B,2024-10-15,192,M004,Operational,0,2024-10-05,N/A
P0016,Product B,2024-10-16,156,M003,Maintenance,6,N/A,N/A
P0017,Product E,2024-10-17,105,M002,Maintenance,2,N/A,Anna
P0018,Product E,2024-10-18,182,M002,Maintenance,2,N/A,John
P0019,Product A,2024-10-19,161,M005,Maintenance,5,N/A,John
P0020,Product E,2024-10-20,123,M004,Operational,0,2024-10-04,Anna
P0021,Product B,2024-10-21,198,M002,Maintenance,1,2024-10-02,Doe
P0022,Product E,2024-10-22,139,M004,Operational,0,N/A,N/A
P0023,Product D,2024-10-23,177,M001,Maintenance,7,N/A,Doe
P0024,Product B,2024-10-24,172,M003,Maintenance,0,2024-10-05,Anna
P0025,Product D,2024-10-25,166,M004,Maintenance,8,2024-10-04,Doe
P0026,Product E,2024-10-26,197,M004,Maintenance,6,2024-10-05,Doe
P0027,Product C,2024-10-27,167,M004,Operational,0,2024-10-05,Anna
P0028,Product A,2024-10-28,129,M002,Maintenance,4,2024-10-05,N/A
P0029,Product B,2024-10-29,182,M004,Operational,0,N/A,Doe
P0030,Product D,2024-10-30,180,M001,Maintenance,1,2024-10-02,John
P0031,Product C,2024-10-31,149,M002,Operational,0,2024-10-04,Doe
P0032,Product C,2024-11-01,116,M005,Maintenance,6,N/A,Doe
P0033,Product B,2024-11-02,164,M005,Operational,0,2024-10-04,John
P0034,Product B,2024-11-03,119,M003,Maintenance,8,N/A,N/A
P0035,Product C,2024-11-04,143,M001,Maintenance,6,2024-10-02,John
P0036,Product A,2024-11-05,198,M004,Operational,0,2024-10-02,N/A
P0037,Product A,2024-11-06,103,M001,Operational,0,2024-10-04,Anna
P0038,Product D,2024-11-07,103,M005,Operational,0,2024-10-05,Anna
P0039,Product A,2024-11-08,109,M004,Operational,0,N/A,Doe
P0040,Product C,2024-11-09,178,M001,Maintenance,2,2024-10-04,Doe
P0041,Product C,2024-11-10,105,M002,Maintenance,2,2024-10-05,Anna
P0042,Product E,2024-11-11,145,M004,Maintenance,7,2024-10-02,John
P0043,Product C,2024-11-12,151,M002,Operational,0,N/A,Anna
P0044,Product A,2024-11-13,200,M001,Operational,0,2024-10-02,N/A
P0045,Product D,2024-11-14,192,M004,Maintenance,8,N/A,Doe
P0046,Product E,2024-11-15,189,M003,Maintenance,3,2024-10-05,John
P0047,Product A,2024-11-16,173,M003,Operational,0,N/A,Doe
P0048,Product D,2024-11-17,110,M005,Operational,0,2024-10-05,Anna
P0049,Product A,2024-11-18,130,M004,Maintenance,7,N/A,John
P0050,Product E,2024-11-19,179,M001,Maintenance,6,2024-10-04,Anna
P0051,Product C,2024-11-20,167,M003,Maintenance,3,2024-10-02,N/A
P0052,Product E,2024-11-21,125,M005,Maintenance,8,N/A,Anna
P0053,Product C,2024-11-22,199,M004,Maintenance,8,N/A,John
P0054,Product E,2024-11-23,199,M003,Operational,0,2024-10-02,Anna
P0055,Product B,2024-11-24,137,M004,Operational,0,N/A,Doe
P0056,Product A,2024-11-25,124,M005,Maintenance,3,2024-10-02,Doe
P0057,Product A,2024-11-26,119,M001,Maintenance,3,2024-10-05,John
P0058,Product B,2024-11-27,117,M005,Operational,0,2024-10-04,Doe
P0059,Product C,2024-11-28,160,M001,Operational,0,2024-10-04,N/A
P0060,Product A,2024-11-29,150,M002,Maintenance,1,2024-10-02,N/A
P0061,Product B,2024-11-30,127,M003,Operational,0,2024-10-04,John
P0062,Product A,2024-12-01,129,M002,Operational,0,2024-10-02,Anna
P0063,Product D,2024-12-02,149,M001,Maintenance,4,2024-10-04,Doe
P0064,Product C,2024-12-03,169,M004,Maintenance,6,N/A,Doe
P0065,Product D,2024-12-04,162,M001,Maintenance,5,N/A,Anna
P0066,Product C,2024-12-05,103,M001,Maintenance,1,2024-10-04,Anna
P0067,Product B,2024-12-06,153,M004,Operational,0,2024-10-05,Anna
P0068,Product C,2024-12-07,100,M002,Operational,0,2024-10-04,Anna
P0069,Product C,2024-12-08,178,M003,Maintenance,1,N/A,Doe
P0070,Product B,2024-12-09,194,M001,Operational,0,2024-10-04,N/A
P0071,Product C,2024-12-10,125,M001,Maintenance,6,N/A,John
P0072,Product A,2024-12-11,182,M003,Maintenance,6,2024-10-05,John
P0073,Product E,2024-12-12,174,M001,Maintenance,5,2024-10-05,Anna
P0074,Product B,2024-12-13,105,M003,Maintenance,5,2024-10-04,N/A
P0075,Product E,2024-12-14,101,M003,Operational,0,N/A,Doe
P0076,Product B,2024-12-15,122,M003,Maintenance,3,2024-10-05,Doe
P0077,Product B,2024-12-16,161,M004,Operational,0,2024-10-02,John
P0078,Product D,2024-12-17,167,M002,Operational,0,2024-10-04,Anna
P0079,Product D,2024-12-18,121,M002,Maintenance,5,2024-10-02,N/A
P0080,Product C,2024-12-19,174,M005,Maintenance,5,2024-10-04,John
P0081,Product E,2024-12-20,139,M004,Operational,0,N/A,N/A
P0082,Product B,2024-12-21,183,M005,Maintenance,0,N/A,Anna
P0083,Product C,2024-12-22,124,M002,Maintenance,4,2024-10-02,Anna
P0084,Product A,2024-12-23,102,M002,Maintenance,2,N/A,John
P0085,Product B,2024-12-24,153,M002,Operational,0,N/A,Anna
P0086,Product A,2024-12-25,129,M001,Operational,0,N/A,N/A
P0087,Product C,2024-12-26,101,M005,Operational,0,2024-10-02,N/A
P0088,Product D,2024-12-27,107,M004,Maintenance,5,N/A,John
P0089,Product C,2024-12-28,187,M005,Maintenance,7,2024-10-05,Anna
P0090,Product A,2024-12-29,135,M002,Maintenance,2,2024-10-04,Doe
P0091,Product B,2024-12-30,135,M004,Maintenance,7,2024-10-05,Anna
P0092,Product E,2024-12-31,114,M005,Operational,0,2024-10-02,John
P0093,Product C,2025-01-01,107,M002,Operational,0,2024-10-02,John
P0094,Product B,2025-01-02,150,M002,Maintenance,0,N/A,Doe
P0095,Product D,2025-01-03,190,M004,Operational,0,2024-10-05,John
P0096,Product D,2025-01-04,138,M003,Operational,0,2024-10-02,John
P0097,Product D,2025-01-05,141,M004,Operational,0,2024-10-04,Doe
P0098,Product B,2025-01-06,152,M003,Operational,0,2024-10-02,Doe
P0099,Product C,2025-01-07,118,M001,Maintenance,3,2024-10-05,N/A
P0100,Product B,2025-01-08,113,M004,Maintenance,3,2024-10-04,John
P0101,Product B,2025-01-09,138,M003,Maintenance,5,2024-10-04,Doe
P0102,Product E,2025-01-10,124,M005,Operational,0,N/A,N/A
P0103,Product E,2025-01-11,198,M002,Operational,0,2024-10-04,John
P0104,Product C,2025-01-12,185,M001,Maintenance,2,N/A,Doe
P0105,Product E,2025-01-13,111,M004,Maintenance,1,N/A,John
P0106,Product D,2025-01-14,119,M003,Operational,0,2024-10-02,N/A
P0107,Product E,2025-01-15,164,M005,Maintenance,1,2024-10-02,Anna
P0108,Product D,2025-01-16,136,M003,Maintenance,0,N/A,John
P0109,Product C,2025-01-17,198,M004,Maintenance,3,2024-10-05,John
P0110,Product B,2025-01-18,119,M003,Maintenance,2,N/A,John
P0111,Product B,2025-01-19,110,M004,Maintenance,4,2024-10-05,John
P0112,Product E,2025-01-20,139,M003,Maintenance,0,2024-10-04,Doe
P0113,Product D,2025-01-21,122,M002,Operational,0,2024-10-04,Anna
P0114,Product A,2025-01-22,136,M004,Maintenance,5,2024-10-04,John
P0115,Product A,2025-01-23,118,M004,Maintenance,1,N/A,Doe
P0116,Product A,2025-01-24,156,M001,Operational,0,2024-10-05,Anna
P0117,Product B,2025-01-25,189,M002,Maintenance,4,N/A,N/A
P0118,Product B,2025-01-26,163,M004,Maintenance,7,2024-10-04,N/A
P0119,Product D,2025-01-27,148,M005,Operational,0,2024-10-02,N/A
P0120,Product E,2025-01-28,160,M003,Maintenance,7,2024-10-04,N/A
P0121,Product A,2025-01-29,113,M005,Maintenance,0,2024-10-04,N/A
P0122,Product D,2025-01-30,199,M003,Operational,0,2024-10-02,Anna
P0123,Product D,2025-01-31,132,M003,Operational,0,2024-10-05,John
P0124,Product E,2025-02-01,193,M001,Maintenance,5,2024-10-04,N/A
P0125,Product D,2025-02-02,102,M004,Operational,0,2024-10-05,John
P0126,Product E,2025-02-03,106,M003,Maintenance,3,2024-10-02,John
P0127,Product C,2025-02-04,110,M001,Operational,0,2024-10-02,John
P0128,Product E,2025-02-05,177,M005,Operational,0,2024-10-02,John
P0129,Product A,2025-02-06,176,M001,Operational,0,N/A,John
P0130,Product A,2025-02-07,126,M005,Operational,0,2024-10-05,Anna
P0131,Product E,2025-02-08,132,M004,Operational,0,N/A,John
P0132,Product C,2025-02-09,125,M003,Operational,0,2024-10-02,Anna
P0133,Product C,2025-02-10,192,M002,Maintenance,8,2024-10-04,Anna
P0134,Product A,2025-02-11,167,M005,Maintenance,3,N/A,John
P0135,Product C,2025-02-12,137,M003,Maintenance,3,2024-10-04,Anna
P0136,Product D,2025-02-13,122,M002,Operational,0,N/A,N/A
P0137,Product B,2025-02-14,110,M002,Maintenance,8,2024-10-05,N/A
P0138,Product D,2025-02-15,163,M005,Operational,0,2024-10-04,N/A
P0139,Product A,2025-02-16,133,M003,Maintenance,8,N/A,John
P0140,Product C,2025-02-17,169,M002,Maintenance,4,2024-10-02,N/A
P0141,Product E,2025-02-18,191,M001,Operational,0,2024-10-02,Doe
P0142,Product B,2025-02-19,125,M001,Operational,0,2024-10-05,Doe
P0143,Product E,2025-02-20,142,M003,Operational,0,2024-10-05,Doe
P0144,Product A,2025-02-21,197,M004,Maintenance,8,N/A,N/A
P0145,Product C,2025-02-22,158,M001,Maintenance,7,2024-10-02,Anna
P0146,Product E,2025-02-23,129,M005,Maintenance,2,2024-10-04,Doe
P0147,Product E,2025-02-24,127,M003,Maintenance,0,N/A,Anna
P0148,Product B,2025-02-25,119,M002,Operational,0,N/A,Anna
P0149,Product B,2025-02-26,159,M001,Maintenance,6,2024-10-02,John
P0150,Product C,2025-02-27,107,M003,Maintenance,8,2024-10-05,Doe
P0151,Product B,2025-02-28,183,M003,Maintenance,0,2024-10-04,John
P0152,Product E,2025-03-01,176,M004,Maintenance,4,2024-10-05,John
P0153,Product E,2025-03-02,101,M002,Maintenance,2,N/A,John
P0154,Product A,2025-03-03,172,M002,Operational,0,N/A,N/A
P0155,Product E,2025-03-04,156,M002,Operational,0,2024-10-02,John
P0156,Product C,2025-03-05,106,M005,Maintenance,0,2024-10-05,Anna
P0157,Product D,2025-03-06,114,M003,Maintenance,4,N/A,Doe
P0158,Product A,2025-03-07,108,M005,Operational,0,N/A,Anna
P0159,Product A,2025-03-08,166,M005,Maintenance,3,2024-10-05,Doe
P0160,Product C,2025-03-09,118,M003,Maintenance,4,2024-10-02,N/A
P0161,Product C,2025-03-10,109,M002,Operational,0,2024-10-02,Doe
P0162,Product B,2025-03-11,144,M003,Maintenance,0,2024-10-04,Doe
P0163,Product A,2025-03-12,156,M004,Maintenance,7,2024-10-04,Doe
P0164,Product B,2025-03-13,143,M003,Maintenance,0,2024-10-04,Doe
P0165,Product E,2025-03-14,143,M003,Maintenance,1,2024-10-05,Anna
P0166,Product A,2025-03-15,134,M001,Maintenance,6,2024-10-04,Doe
P0167,Product A,2025-03-16,139,M004,Maintenance,4,2024-10-04,John
P0168,Product D,2025-03-17,177,M001,Operational,0,2024-10-05,Doe
P0169,Product A,2025-03-18,144,M002,Maintenance,5,2024-10-04,John
P0170,Product E,2025-03-19,154,M002,Maintenance,1,2024-10-02,N/A
P0171,Product B,2025-03-20,171,M004,Maintenance,0,N/A,John
P0172,Product B,2025-03-21,181,M005,Operational,0,2024-10-02,Anna
P0173,Product D,2025-03-22,114,M003,Maintenance,4,2024-10-02,John
P0174,Product E,2025-03-23,145,M001,Operational,0,N/A,Anna
P0175,Product B,2025-03-24,119,M004,Maintenance,6,2024-10-02,John
P0176,Product C,2025-03-25,142,M001,Operational,0,N/A,Doe
P0177,Product E,2025-03-26,152,M003,Maintenance,3,2024-10-02,N/A
P0178,Product E,2025-03-27,142,M005,Maintenance,6,2024-10-05,Anna
P0179,Product D,2025-03-28,179,M001,Maintenance,8,2024-10-05,Anna
P0180,Product B,2025-03-29,179,M004,Maintenance,1,2024-10-04,Doe
P0181,Product E,2025-03-30,119,M003,Operational,0,2024-10-05,Doe
P0182,Product B,2025-03-31,134,M003,Operational,0,N/A,John
P0183,Product C,2025-04-01,186,M005,Maintenance,5,2024-10-04,Anna
P0184,Product D,2025-04-02,130,M004,Maintenance,7,2024-10-02,John
P0185,Product C,2025-04-03,187,M003,Operational,0,2024-10-05,Doe
P0186,Product D,2025-04-04,190,M001,Operational,0,2024-10-04,Anna
P0187,Product E,2025-04-05,159,M002,Operational,0,2024-10-05,N/A
P0188,Product D,2025-04-06,173,M004,Operational,0,2024-10-04,N/A
P0189,Product A,2025-04-07,142,M001,Operational,0,N/A,Anna
P0190,Product B,2025-04-08,158,M005,Operational,0,N/A,Anna
P0191,Product B,2025-04-09,179,M005,Operational,0,2024-10-02,Doe
P0192,Product A,2025-04-10,166,M003,Operational,0,2024-10-04,Anna
P0193,Product C,2025-04-11,130,M005,Operational,0,N/A,Anna
P0194,Product A,2025-04-12,114,M002,Maintenance,8,2024-10-02,N/A
P0195,Product E,2025-04-13,141,M001,Maintenance,1,2024-10-04,Doe
P0196,Product E,2025-04-14,150,M004,Maintenance,2,2024-10-02,John
P0197,Product B,2025-04-15,196,M003,Operational,0,N/A,Anna
P0198,Product E,2025-04-16,136,M004,Operational,0,2024-10-02,Doe
P0199,Product B,2025-04-17,177,M001,Operational,0,2024-10-04,Doe
P0200,Product A,2025-04-18,136,M002,Operational,0,2024-10-05,N/A
P0201,Product A,2025-04-19,107,M001,Maintenance,3,N/A,Anna
P0202,Product A,2025-04-20,117,M001,Maintenance,8,2024-10-04,Anna
P0203,Product B,2025-04-21,142,M003,Maintenance,7,2024-10-04,Doe
P0204,Product A,2025-04-22,110,M004,Operational,0,2024-10-02,Anna
P0205,Product A,2025-04-23,158,M001,Maintenance,8,N/A,N/A
P0206,Product C,2025-04-24,107,M001,Maintenance,0,2024-10-05,N/A
P0207,Product A,2025-04-25,130,M002,Maintenance,0,2024-10-05,N/A
P0208,Product E,2025-04-26,112,M005,Operational,0,2024-10-02,Anna
P0209,Product B,2025-04-27,100,M002,Operational,0,N/A,Anna
P0210,Product C,2025-04-28,132,M004,Operational,0,2024-10-05,N/A
P0211,Product D,2025-04-29,147,M004,Operational,0,N/A,John
P0212,Product B,2025-04-30,126,M003,Operational,0,2024-10-02,Doe
P0213,Product E,2025-05-01,128,M005,Maintenance,3,N/A,John
P0214,Product B,2025-05-02,135,M004,Operational,0,N/A,Anna
P0215,Product E,2025-05-03,156,M005,Operational,0,N/A,Doe
P0216,Product E,2025-05-04,167,M002,Maintenance,8,2024-10-02,Doe
P0217,Product D,2025-05-05,119,M004,Maintenance,4,2024-10-02,Anna
P0218,Product B,2025-05-06,133,M001,Operational,0,2024-10-02,John
P0219,Product D,2025-05-07,126,M004,Maintenance,5,2024-10-05,John
P0220,Product D,2025-05-08,152,M005,Operational,0,2024-10-04,John
P0221,Product B,2025-05-09,162,M004,Operational,0,N/A,John
P0222,Product A,2025-05-10,125,M003,Maintenance,7,2024-10-04,N/A
P0223,Product A,2025-05-11,168,M001,Operational,0,N/A,Doe
P0224,Product D,2025-05-12,121,M003,Maintenance,6,N/A,John
P0225,Product C,2025-05-13,158,M002,Maintenance,2,N/A,Anna
P0226,Product D,2025-05-14,123,M004,Maintenance,0,2024-10-02,N/A
P0227,Product D,2025-05-15,137,M004,Maintenance,5,2024-10-05,Doe
P0228,Product D,2025-05-16,181,M002,Operational,0,2024-10-02,Anna
P0229,Product A,2025-05-17,137,M003,Maintenance,5,N/A,N/A
P0230,Product A,2025-05-18,194,M001,Maintenance,5,2024-10-04,Doe
P0231,Product A,2025-05-19,171,M003,Operational,0,N/A,Anna
P0232,Product D,2025-05-20,174,M005,Operational,0,N/A,Doe
P0233,Product C,2025-05-21,181,M003,Maintenance,4,2024-10-05,N/A
P0234,Product A,2025-05-22,111,M001,Operational,0,N/A,John
P0235,Product B,2025-05-23,112,M004,Maintenance,3,2024-10-02,N/A
P0236,Product B,2025-05-24,125,M003,Maintenance,8,2024-10-05,Anna
P0237,Product B,2025-05-25,170,M002,Operational,0,2024-10-05,John
P0238,Product E,2025-05-26,131,M001,Operational,0,2024-10-05,Doe
P0239,Product D,2025-05-27,154,M004,Maintenance,4,N/A,Doe
P0240,Product B,2025-05-28,115,M001,Maintenance,0,2024-10-05,Doe
P0241,Product D,2025-05-29,168,M002,Operational,0,2024-10-05,N/A
P0242,Product B,2025-05-30,195,M005,Operational,0,2024-10-02,Doe
P0243,Product C,2025-05-31,164,M001,Maintenance,4,2024-10-04,Doe
P0244,Product D,2025-06-01,195,M001,Maintenance,6,2024-10-02,Doe
P0245,Product B,2025-06-02,120,M003,Maintenance,0,2024-10-02,N/A
P0246,Product A,2025-06-03,141,M002,Operational,0,2024-10-04,Anna
P0247,Product D,2025-06-04,132,M002,Maintenance,8,2024-10-04,John
P0248,Product E,2025-06-05,186,M005,Operational,0,2024-10-05,Doe
P0249,Product A,2025-06-06,176,M002,Operational,0,2024-10-02,N/A
P0250,Product A,2025-06-07,131,M001,Operational,0,N/A,Doe
P0251,Product E,2025-06-08,100,M005,Maintenance,4,2024-10-02,John
P0252,Product A,2025-06-09,122,M002,Maintenance,3,2024-10-04,Anna
P0253,Product A,2025-06-10,158,M005,Operational,0,2024-10-05,Anna
P0254,Product B,2025-06-11,119,M002,Operational,0,2024-10-05,Doe
P0255,Product B,2025-06-12,120,M002,Maintenance,2,2024-10-05,John
P0256,Product D,2025-06-13,110,M003,Maintenance,5,N/A,Doe
P0257,Product D,2025-06-14,129,M002,Operational,0,N/A,Anna
P0258,Product D,2025-06-15,126,M005,Maintenance,6,2024-10-04,N/A
P0259,Product B,2025-06-16,179,M001,Maintenance,2,2024-10-05,N/A
P0260,Product D,2025-06-17,124,M003,Maintenance,1,2024-10-02,N/A
P0261,Product A,2025-06-18,106,M002,Maintenance,6,2024-10-05,John
P0262,Product B,2025-06-19,195,M002,Operational,0,2024-10-02,John
P0263,Product D,2025-06-20,137,M005,Maintenance,8,2024-10-02,Anna
P0264,Product A,2025-06-21,178,M003,Maintenance,3,N/A,John
P0265,Product D,2025-06-22,112,M002,Operational,0,2024-10-05,Anna
P0266,Product C,2025-06-23,158,M001,Operational,0,2024-10-04,Anna
P0267,Product D,2025-06-24,126,M001,Operational,0,2024-10-05,Doe
P0268,Product C,2025-06-25,129,M002,Maintenance,6,2024-10-05,N/A
P0269,Product D,2025-06-26,115,M001,Maintenance,3,2024-10-04,N/A
P0270,Product E,2025-06-27,115,M003,Operational,0,2024-10-04,Anna
P0271,Product D,2025-06-28,159,M002,Maintenance,2,2024-10-05,John
P0272,Product B,2025-06-29,192,M005,Maintenance,6,2024-10-04,Anna
P0273,Product B,2025-06-30,145,M003,Operational,0,2024-10-02,N/A
P0274,Product C,2025-07-01,108,M001,Maintenance,4,N/A,Doe
P0275,Product B,2025-07-02,103,M002,Maintenance,5,2024-10-04,N/A
P0276,Product A,2025-07-03,173,M003,Operational,0,2024-10-02,Anna
P0277,Product E,2025-07-04,123,M001,Operational,0,N/A,Anna
P0278,Product E,2025-07-05,174,M002,Operational,0,2024-10-04,N/A
P0279,Product A,2025-07-06,184,M004,Maintenance,7,N/A,N/A
P0280,Product C,2025-07-07,113,M005,Operational,0,2024-10-05,John
P0281,Product A,2025-07-08,134,M001,Maintenance,8,2024-10-04,Doe
P0282,Product A,2025-07-09,158,M001,Maintenance,2,2024-10-02,N/A
P0283,Product E,2025-07-10,199,M004,Maintenance,3,2024-10-02,Doe
P0284,Product D,2025-07-11,171,M004,Maintenance,2,N/A,Doe
P0285,Product E,2025-07-12,136,M003,Operational,0,2024-10-02,John
P0286,Product E,2025-07-13,162,M005,Operational,0,2024-10-02,Anna
P0287,Product B,2025-07-14,189,M005,Operational,0,2024-10-04,Doe
P0288,Product A,2025-07-15,155,M001,Maintenance,8,N/A,Doe
P0289,Product E,2025-07-16,115,M004,Maintenance,3,2024-10-02,Doe
P0290,Product A,2025-07-17,119,M005,Operational,0,2024-10-05,Doe
P0291,Product B,2025-07-18,193,M002,Operational,0,2024-10-04,Anna
P0292,Product A,2025-07-19,160,M005,Operational,0,2024-10-02,John
P0293,Product E,2025-07-20,184,M001,Operational,0,2024-10-02,Doe
P0294,Product A,2025-07-21,125,M005,Operational,0,2024-10-02,N/A
P0295,Product B,2025-07-22,112,M003,Operational,0,2024-10-04,Anna
P0296,Product D,2025-07-23,148,M004,Maintenance,2,2024-10-04,John
P0297,Product A,2025-07-24,132,M001,Maintenance,4,N/A,N/A
P0298,Product E,2025-07-25,131,M001,Operational,0,2024-10-04,N/A
P0299,Product B,2025-07-26,100,M004,Operational,0,2024-10-02,N/A
P0300,Product E,2025-07-27,186,M004,Maintenance,8,2024-10-02,Doe
P0301,Product E,2025-07-28,198,M004,Operational,0,2024-10-05,Doe
P0302,Product A,2025-07-29,116,M001,Maintenance,2,2024-10-04,N/A
P0303,Product E,2025-07-30,153,M004,Operational,0,2024-10-02,John
P0304,Product A,2025-07-31,192,M004,Maintenance,6,2024-10-05,Doe
P0305,Product D,2025-08-01,160,M001,Operational,0,N/A,John
P0306,Product E,2025-08-02,162,M001,Maintenance,2,N/A,Doe
P0307,Product E,2025-08-03,158,M003,Maintenance,2,N/A,Doe
P0308,Product E,2025-08-04,136,M005,Operational,0,2024-10-02,Doe
P0309,Product C,2025-08-05,140,M002,Maintenance,5,2024-10-02,John
P0310,Product C,2025-08-06,141,M001,Maintenance,1,N/A,Doe
P0311,Product B,2025-08-07,139,M002,Operational,0,2024-10-05,John
P0312,Product C,2025-08-08,191,M003,Maintenance,8,N/A,Doe
P0313,Product B,2025-08-09,128,M005,Maintenance,8,2024-10-04,Anna
P0314,Product C,2025-08-10,113,M005,Operational,0,2024-10-02,Doe
P0315,Product D,2025-08-11,156,M005,Operational,0,2024-10-02,N/A
P0316,Product B,2025-08-12,170,M003,Operational,0,2024-10-04,John
P0317,Product C,2025-08-13,184,M004,Operational,0,2024-10-02,Anna
P0318,Product D,2025-08-14,197,M005,Maintenance,1,2024-10-04,John
P0319,Product C,2025-08-15,167,M005,Maintenance,2,N/A,Doe
P0320,Product A,2025-08-16,107,M003,Operational,0,N/A,N/A
P0321,Product A,2025-08-17,168,M004,Operational,0,2024-10-02,N/A
P0322,Product D,2025-08-18,200,M005,Operational,0,2024-10-02,N/A
P0323,Product E,2025-08-19,119,M005,Maintenance,5,N/A,Doe
P0324,Product E,2025-08-20,156,M004,Operational,0,2024-10-04,Doe
P0325,Product A,2025-08-21,112,M001,Maintenance,2,N/A,N/A
P0326,Product A,2025-08-22,190,M001,Maintenance,0,2024-10-04,Doe
P0327,Product E,2025-08-23,134,M005,Operational,0,2024-10-05,Doe
P0328,Product B,2025-08-24,119,M002,Operational,0,N/A,Anna
P0329,Product E,2025-08-25,152,M004,Maintenance,5,2024-10-04,Doe
P0330,Product C,2025-08-26,124,M004,Maintenance,6,2024-10-04,Anna
P0331,Product B,2025-08-27,120,M002,Maintenance,6,2024-10-04,N/A
P0332,Product C,2025-08-28,178,M004,Maintenance,4,2024-10-02,John
P0333,Product A,2025-08-29,200,M003,Maintenance,7,2024-10-02,Doe
P0334,Product B,2025-08-30,126,M004,Maintenance,4,2024-10-05,N/A
P0335,Product C,2025-08-31,177,M004,Operational,0,2024-10-05,N/A
P0336,Product C,2025-09-01,162,M004,Operational,0,2024-10-04,Doe
P0337,Product B,2025-09-02,107,M001,Maintenance,2,2024-10-02,John
P0338,Product D,2025-09-03,110,M003,Operational,0,2024-10-04,John
P0339,Product E,2025-09-04,192,M004,Operational,0,2024-10-02,Doe
P0340,Product C,2025-09-05,172,M003,Maintenance,3,2024-10-02,N/A
P0341,Product E,2025-09-06,182,M003,Operational,0,2024-10-05,Doe
P0342,Product E,2025-09-07,156,M003,Operational,0,2024-10-04,John
P0343,Product A,2025-09-08,165,M002,Operational,0,2024-10-04,Doe
P0344,Product E,2025-09-09,184,M004,Operational,0,2024-10-02,N/A
P0345,Product C,2025-09-10,154,M001,Maintenance,1,2024-10-02,John
P0346,Product A,2025-09-11,151,M001,Maintenance,2,N/A,John
P0347,Product B,2025-09-12,155,M001,Maintenance,2,2024-10-05,John
P0348,Product C,2025-09-13,198,M001,Maintenance,0,N/A,N/A
P0349,Product A,2025-09-14,121,M004,Operational,0,2024-10-02,Doe
P0350,Product A,2025-09-15,118,M001,Operational,0,2024-10-04,John
P0351,Product E,2025-09-16,116,M003,Maintenance,4,2024-10-02,N/A
P0352,Product B,2025-09-17,166,M002,Maintenance,3,N/A,N/A
P0353,Product C,2025-09-18,119,M005,Operational,0,2024-10-05,Anna
P0354,Product C,2025-09-19,183,M001,Maintenance,3,2024-10-02,John
P0355,Product E,2025-09-20,161,M005,Operational,0,2024-10-04,N/A
P0356,Product B,2025-09-21,162,M005,Operational,0,N/A,Doe
P0357,Product C,2025-09-22,200,M005,Operational,0,2024-10-02,N/A
P0358,Product B,2025-09-23,123,M003,Maintenance,3,2024-10-04,N/A
P0359,Product C,2025-09-24,113,M001,Operational,0,2024-10-04,Anna
P0360,Product E,2025-09-25,152,M004,Operational,0,2024-10-02,John
P0361,Product D,2025-09-26,107,M003,Operational,0,N/A,N/A
P0362,Product C,2025-09-27,101,M004,Operational,0,2024-10-04,Doe
P0363,Product A,2025-09-28,200,M001,Operational,0,2024-10-05,Anna
P0364,Product A,2025-09-29,174,M003,Operational,0,N/A,N/A
P0365,Product D,2025-09-30,180,M005,Maintenance,0,2024-10-04,Doe
P0366,Product C,2025-10-01,129,M003,Operational,0,2024-10-02,John
P0367,Product A,2025-10-02,104,M003,Operational,0,2024-10-02,Anna
P0368,Product A,2025-10-03,137,M001,Operational,0,N/A,N/A
P0369,Product C,2025-10-04,162,M005,Maintenance,5,2024-10-04,Anna
P0370,Product B,2025-10-05,125,M005,Maintenance,1,2024-10-04,Doe
P0371,Product C,2025-10-06,121,M002,Operational,0,N/A,John
P0372,Product B,2025-10-07,191,M002,Operational,0,N/A,John
P0373,Product D,2025-10-08,137,M004,Operational,0,N/A,John
P0374,Product E,2025-10-09,110,M002,Operational,0,2024-10-05,John
P0375,Product D,2025-10-10,199,M001,Maintenance,7,2024-10-05,N/A
P0376,Product E,2025-10-11,156,M003,Operational,0,2024-10-05,Doe
P0377,Product A,2025-10-12,176,M005,Maintenance,2,2024-10-02,Anna
P0378,Product A,2025-10-13,114,M003,Maintenance,8,2024-10-05,N/A
P0379,Product A,2025-10-14,105,M001,Operational,0,2024-10-05,Anna
P0380,Product B,2025-10-15,151,M003,Maintenance,7,2024-10-05,John
P0381,Product E,2025-10-16,104,M005,Operational,0,2024-10-04,Doe
P0382,Product A,2025-10-17,162,M002,Operational,0,2024-10-05,N/A
P0383,Product C,2025-10-18,101,M004,Maintenance,5,N/A,Anna
P0384,Product E,2025-10-19,132,M005,Maintenance,2,2024-10-05,Anna
P0385,Product E,2025-10-20,106,M005,Maintenance,6,2024-10-02,N/A
P0386,Product B,2025-10-21,126,M005,Operational,0,2024-10-02,Anna
P0387,Product D,2025-10-22,155,M005,Operational,0,2024-10-05,Anna
P0388,Product B,2025-10-23,194,M001,Maintenance,7,N/A,N/A
P0389,Product A,2025-10-24,140,M005,Maintenance,7,N/A,Doe
P0390,Product C,2025-10-25,200,M003,Operational,0,2024-10-04,N/A
P0391,Product C,2025-10-26,133,M001,Maintenance,2,N/A,N/A
P0392,Product A,2025-10-27,167,M002,Maintenance,2,2024-10-04,Doe
P0393,Product C,2025-10-28,187,M003,Maintenance,3,2024-10-04,Anna
P0394,Product B,2025-10-29,156,M003,Maintenance,3,N/A,N/A
P0395,Product B,2025-10-30,178,M003,Maintenance,0,N/A,Anna
P0396,Product A,2025-10-31,182,M003,Operational,0,2024-10-04,Anna
P0397,Product C,2025-11-01,193,M001,Maintenance,6,2024-10-02,Anna
P0398,Product E,2025-11-02,129,M002,Maintenance,0,2024-10-05,N/A
P0399,Product D,2025-11-03,152,M002,Operational,0,2024-10-02,Doe
P0400,Product E,2025-11-04,123,M005,Maintenance,4,N/A,John
P0401,Product B,2025-11-05,126,M004,Operational,0,N/A,Doe
P0402,Product B,2025-11-06,181,M001,Operational,0,2024-10-04,N/A
P0403,Product B,2025-11-07,147,M002,Maintenance,6,2024-10-05,Doe
P0404,Product B,2025-11-08,152,M001,Operational,0,N/A,John
P0405,Product D,2025-11-09,191,M001,Maintenance,3,2024-10-05,Doe
P0406,Product A,2025-11-10,171,M005,Operational,0,2024-10-02,N/A
P0407,Product B,2025-11-11,134,M002,Maintenance,3,2024-10-05,Anna
P0408,Product C,2025-11-12,113,M004,Maintenance,3,2024-10-02,John
P0409,Product D,2025-11-13,123,M004,Operational,0,N/A,Doe
P0410,Product B,2025-11-14,191,M004,Maintenance,1,N/A,N/A
P0411,Product C,2025-11-15,154,M003,Operational,0,2024-10-04,John
P0412,Product B,2025-11-16,174,M002,Maintenance,2,2024-10-02,John
P0413,Product A,2025-11-17,169,M003,Operational,0,2024-10-02,Doe
P0414,Product D,2025-11-18,188,M003,Maintenance,7,2024-10-05,N/A
P0415,Product A,2025-11-19,145,M003,Operational,0,2024-10-04,N/A
P0416,Product D,2025-11-20,188,M005,Maintenance,7,2024-10-04,John
P0417,Product B,2025-11-21,156,M005,Maintenance,5,2024-10-04,John
P0418,Product B,2025-11-22,132,M001,Operational,0,2024-10-02,Anna
P0419,Product D,2025-11-23,172,M001,Operational,0,N/A,Doe
P0420,Product C,2025-11-24,191,M002,Operational,0,N/A,Anna
P0421,Product C,2025-11-25,177,M002,Maintenance,7,2024-10-05,John
P0422,Product B,2025-11-26,104,M005,Maintenance,3,2024-10-05,John
P0423,Product B,2025-11-27,121,M001,Operational,0,2024-10-02,N/A
P0424,Product A,2025-11-28,145,M001,Operational,0,N/A,N/A
P0425,Product B,2025-11-29,130,M003,Operational,0,2024-10-04,Anna
P0426,Product D,2025-11-30,104,M004,Operational,0,N/A,John
P0427,Product C,2025-12-01,199,M004,Maintenance,6,2024-10-05,Doe
P0428,Product C,2025-12-02,106,M004,Operational,0,N/A,N/A
P0429,Product A,2025-12-03,199,M005,Maintenance,6,2024-10-04,N/A
P0430,Product C,2025-12-04,107,M004,Maintenance,0,2024-10-05,John
P0431,Product C,2025-12-05,191,M004,Operational,0,2024-10-02,Doe
P0432,Product E,2025-12-06,115,M003,Operational,0,N/A,Anna
P0433,Product D,2025-12-07,197,M002,Operational,0,N/A,Doe
P0434,Product E,2025-12-08,154,M005,Operational,0,2024-10-02,John
P0435,Product C,2025-12-09,115,M001,Maintenance,6,2024-10-02,Doe
P0436,Product A,2025-12-10,197,M003,Operational,0,2024-10-04,Doe
P0437,Product A,2025-12-11,138,M004,Operational,0,N/A,John
P0438,Product C,2025-12-12,148,M001,Maintenance,5,2024-10-05,Anna
P0439,Product B,2025-12-13,192,M003,Operational,0,N/A,Doe
P0440,Product E,2025-12-14,147,M005,Maintenance,6,2024-10-04,John
P0441,Product C,2025-12-15,107,M004,Maintenance,8,2024-10-05,Doe
P0442,Product A,2025-12-16,117,M005,Maintenance,8,2024-10-05,John
P0443,Product A,2025-12-17,146,M003,Maintenance,0,2024-10-05,Anna
P0444,Product E,2025-12-18,162,M001,Maintenance,8,2024-10-04,N/A
P0445,Product D,2025-12-19,169,M002,Maintenance,1,N/A,Anna
P0446,Product C,2025-12-20,191,M004,Maintenance,7,2024-10-05,N/A
P0447,Product C,2025-12-21,171,M005,Maintenance,7,2024-10-02,N/A
P0448,Product D,2025-12-22,102,M001,Maintenance,0,2024-10-04,Doe
P0449,Product E,2025-12-23,104,M001,Maintenance,3,2024-10-05,John
P0450,Product E,2025-12-24,160,M002,Operational,0,2024-10-04,John
P0451,Product A,2025-12-25,168,M003,Maintenance,8,2024-10-02,John
P0452,Product D,2025-12-26,200,M002,Maintenance,8,2024-10-05,Anna
P0453,Product E,2025-12-27,167,M002,Operational,0,N/A,Anna
P0454,Product B,2025-12-28,109,M003,Maintenance,6,2024-10-04,Anna
P0455,Product C,2025-12-29,128,M003,Maintenance,0,2024-10-05,Anna
P0456,Product A,2025-12-30,108,M003,Maintenance,8,2024-10-05,Doe
P0457,Product D,2025-12-31,161,M001,Operational,0,2024-10-04,Doe
P0458,Product A,2026-01-01,148,M001,Operational,0,2024-10-02,N/A
P0459,Product E,2026-01-02,190,M004,Operational,0,2024-10-04,N/A
P0460,Product E,2026-01-03,130,M004,Operational,0,N/A,John
P0461,Product B,2026-01-04,170,M002,Maintenance,6,2024-10-02,Anna
P0462,Product C,2026-01-05,199,M002,Maintenance,8,N/A,Doe
P0463,Product D,2026-01-06,110,M004,Maintenance,0,N/A,N/A
P0464,Product A,2026-01-07,142,M005,Operational,0,2024-10-04,John
P0465,Product C,2026-01-08,158,M002,Operational,0,2024-10-05,John
P0466,Product E,2026-01-09,135,M005,Maintenance,3,2024-10-02,Anna
P0467,Product C,2026-01-10,199,M005,Operational,0,N/A,Anna
P0468,Product A,2026-01-11,177,M003,Maintenance,4,2024-10-05,John
P0469,Product C,2026-01-12,177,M001,Operational,0,2024-10-05,Anna
P0470,Product E,2026-01-13,118,M004,Maintenance,7,2024-10-05,Anna
P0471,Product C,2026-01-14,174,M001,Maintenance,6,2024-10-02,N/A
P0472,Product D,2026-01-15,150,M004,Maintenance,4,2024-10-05,N/A
P0473,Product C,2026-01-16,189,M001,Maintenance,4,2024-10-04,N/A
P0474,Product D,2026-01-17,122,M004,Maintenance,7,N/A,Doe
P0475,Product C,2026-01-18,180,M001,Maintenance,2,2024-10-05,Anna
P0476,Product E,2026-01-19,181,M003,Operational,0,N/A,N/A
P0477,Product B,2026-01-20,180,M005,Maintenance,6,2024-10-02,N/A
P0478,Product B,2026-01-21,172,M004,Operational,0,N/A,John
P0479,Product D,2026-01-22,169,M005,Operational,0,2024-10-05,N/A
P0480,Product D,2026-01-23,176,M004,Maintenance,4,2024-10-02,John
P0481,Product B,2026-01-24,119,M004,Operational,0,2024-10-02,Anna
P0482,Product E,2026-01-25,104,M003,Operational,0,2024-10-02,John
P0483,Product E,2026-01-26,196,M001,Operational,0,2024-10-02,N/A
P0484,Product C,2026-01-27,195,M004,Operational,0,2024-10-02,Doe
P0485,Product D,2026-01-28,179,M001,Operational,0,N/A,Doe
P0486,Product E,2026-01-29,177,M003,Operational,0,2024-10-05,Anna
P0487,Product A,2026-01-30,111,M002,Maintenance,0,N/A,N/A
P0488,Product C,2026-01-31,193,M005,Operational,0,2024-10-05,Anna
P0489,Product C,2026-02-01,154,M004,Operational,0,2024-10-02,John
P0490,Product B,2026-02-02,192,M003,Operational,0,2024-10-02,Anna
P0491,Product D,2026-02-03,121,M001,Operational,0,2024-10-04,Doe
P0492,Product E,2026-02-04,133,M004,Operational,0,2024-10-04,Anna
P0493,Product E,2026-02-05,179,M001,Operational,0,N/A,John
P0494,Product C,2026-02-06,169,M002,Maintenance,8,N/A,N/A
P0495,Product D,2026-02-07,135,M004,Maintenance,2,2024-10-05,Anna
P0496,Product D,2026-02-08,128,M005,Operational,0,2024-10-05,John
P0497,Product D,2026-02-09,199,M004,Maintenance,7,2024-10-04,Doe
P0498,Product B,2026-02-10,101,M005,Maintenance,7,2024-10-04,N/A
P0499,Product E,2026-02-11,143,M001,Operational,0,2024-10-05,Anna
P0500,Product D,2026-02-12,124,M004,Operational,0,N/A,Anna
P0501,Product B,2026-02-13,176,M003,Maintenance,1,2024-10-05,Doe
P0502,Product A,2026-02-14,154,M003,Operational,0,N/A,Anna
P0503,Product C,2026-02-15,101,M002,Operational,0,2024-10-05,Doe
P0504,Product E,2026-02-16,104,M003,Maintenance,8,2024-10-02,Doe
P0505,Product E,2026-02-17,104,M002,Maintenance,1,2024-10-02,N/A
P0506,Product C,2026-02-18,110,M001,Operational,0,N/A,Doe
P0507,Product A,2026-02-19,153,M005,Maintenance,2,N/A,Doe
P0508,Product B,2026-02-20,117,M001,Operational,0,N/A,Doe
P0509,Product C,2026-02-21,187,M005,Operational,0,2024-10-04,Anna
P0510,Product B,2026-02-22,164,M005,Operational,0,2024-10-04,Doe
P0511,Product B,2026-02-23,182,M002,Operational,0,2024-10-05,Doe
P0512,Product B,2026-02-24,138,M003,Operational,0,2024-10-04,Doe
P0513,Product A,2026-02-25,187,M003,Operational,0,2024-10-05,Doe
P0514,Product A,2026-02-26,170,M002,Maintenance,8,2024-10-05,Anna
P0515,Product B,2026-02-27,181,M002,Maintenance,2,2024-10-05,Doe
P0516,Product D,2026-02-28,105,M001,Maintenance,6,N/A,John
P0517,Product E,2026-03-01,171,M002,Maintenance,6,2024-10-02,John
P0518,Product A,2026-03-02,157,M003,Operational,0,2024-10-04,John
P0519,Product D,2026-03-03,158,M002,Maintenance,5,2024-10-05,N/A
P0520,Product D,2026-03-04,102,M002,Maintenance,7,2024-10-02,John
P0521,Product E,2026-03-05,171,M005,Maintenance,0,2024-10-05,John
P0522,Product B,2026-03-06,184,M002,Operational,0,N/A,N/A
P0523,Product D,2026-03-07,119,M001,Operational,0,2024-10-05,Anna
P0524,Product D,2026-03-08,147,M002,Maintenance,2,2024-10-04,Anna
P0525,Product D,2026-03-09,141,M004,Operational,0,2024-10-02,N/A
P0526,Product B,2026-03-10,136,M004,Operational,0,N/A,Anna
P0527,Product B,2026-03-11,200,M005,Operational,0,2024-10-05,N/A
P0528,Product A,2026-03-12,123,M005,Maintenance,7,2024-10-04,Doe
P0529,Product A,2026-03-13,112,M004,Maintenance,3,2024-10-04,Anna
P0530,Product D,2026-03-14,148,M005,Maintenance,7,N/A,N/A
P0531,Product B,2026-03-15,110,M005,Maintenance,1,2024-10-04,Doe
P0532,Product B,2026-03-16,143,M003,Operational,0,2024-10-04,Doe
P0533,Product E,2026-03-17,180,M003,Operational,0,2024-10-04,John
P0534,Product D,2026-03-18,171,M002,Operational,0,2024-10-04,N/A
P0535,Product A,2026-03-19,200,M004,Operational,0,2024-10-05,N/A
P0536,Product E,2026-03-20,116,M001,Maintenance,4,N/A,John
P0537,Product B,2026-03-21,185,M004,Maintenance,5,2024-10-02,Anna
P0538,Product A,2026-03-22,164,M004,Maintenance,2,2024-10-02,N/A
P0539,Product D,2026-03-23,146,M003,Operational,0,2024-10-04,Doe
P0540,Product B,2026-03-24,124,M003,Operational,0,2024-10-05,N/A
P0541,Product D,2026-03-25,196,M005,Operational,0,2024-10-04,John
P0542,Product E,2026-03-26,152,M001,Operational,0,2024-10-04,N/A
P0543,Product E,2026-03-27,140,M003,Maintenance,1,2024-10-05,Anna
P0544,Product E,2026-03-28,125,M005,Maintenance,1,N/A,John
P0545,Product C,2026-03-29,160,M001,Operational,0,2024-10-02,John
P0546,Product D,2026-03-30,155,M003,Operational,0,2024-10-05,Doe
P0547,Product E,2026-03-31,117,M004,Maintenance,1,2024-10-02,N/A
P0548,Product E,2026-04-01,112,M004,Operational,0,2024-10-05,John
P0549,Product D,2026-04-02,189,M001,Operational,0,2024-10-05,Anna
P0550,Product E,2026-04-03,154,M001,Maintenance,7,2024-10-04,Anna
P0551,Product D,2026-04-04,166,M003,Operational,0,N/A,Anna
P0552,Product B,2026-04-05,142,M003,Operational,0,2024-10-02,Doe
P0553,Product D,2026-04-06,125,M001,Operational,0,N/A,Anna
P0554,Product D,2026-04-07,160,M001,Maintenance,5,2024-10-04,Doe
P0555,Product C,2026-04-08,197,M005,Operational,0,2024-10-05,Anna
P0556,Product B,2026-04-09,146,M005,Maintenance,1,2024-10-02,N/A
P0557,Product C,2026-04-10,120,M005,Operational,0,N/A,Anna
P0558,Product E,2026-04-11,155,M004,Operational,0,2024-10-02,Anna
P0559,Product D,2026-04-12,113,M004,Maintenance,8,2024-10-02,Doe
P0560,Product B,2026-04-13,147,M005,Maintenance,6,2024-10-02,N/A
P0561,Product C,2026-04-14,167,M005,Maintenance,8,N/A,N/A
P0562,Product D,2026-04-15,186,M001,Operational,0,2024-10-02,Doe
P0563,Product A,2026-04-16,191,M004,Operational,0,N/A,N/A
P0564,Product C,2026-04-17,161,M005,Maintenance,2,2024-10-05,Anna
P0565,Product B,2026-04-18,197,M002,Operational,0,N/A,Anna
P0566,Product C,2026-04-19,155,M003,Operational,0,2024-10-04,N/A
P0567,Product C,2026-04-20,183,M005,Maintenance,6,2024-10-02,Anna
P0568,Product C,2026-04-21,141,M004,Operational,0,2024-10-04,N/A
P0569,Product E,2026-04-22,196,M005,Operational,0,2024-10-04,Doe
P0570,Product A,2026-04-23,161,M002,Maintenance,8,2024-10-05,Doe
P0571,Product B,2026-04-24,157,M001,Maintenance,6,2024-10-05,Doe
P0572,Product B,2026-04-25,117,M004,Maintenance,0,N/A,John
P0573,Product B,2026-04-26,198,M001,Operational,0,N/A,Anna
P0574,Product D,2026-04-27,122,M003,Maintenance,2,2024-10-02,Doe
P0575,Product B,2026-04-28,136,M001,Maintenance,5,2024-10-04,N/A
P0576,Product B,2026-04-29,176,M005,Maintenance,2,2024-10-05,N/A
P0577,Product A,2026-04-30,155,M002,Operational,0,2024-10-05,Doe
P0578,Product D,2026-05-01,191,M001,Maintenance,2,2024-10-02,Doe
P0579,Product D,2026-05-02,129,M002,Maintenance,2,2024-10-05,Doe
P0580,Product C,2026-05-03,121,M004,Maintenance,2,2024-10-04,N/A
P0581,Product E,2026-05-04,149,M004,Operational,0,2024-10-04,John
P0582,Product D,2026-05-05,116,M005,Maintenance,0,2024-10-02,Doe
P0583,Product D,2026-05-06,199,M005,Operational,0,2024-10-04,N/A
P0584,Product A,2026-05-07,173,M005,Maintenance,6,N/A,N/A
P0585,Product B,2026-05-08,146,M002,Operational,0,2024-10-04,Doe
P0586,Product D,2026-05-09,188,M003,Operational,0,N/A,Anna
P0587,Product D,2026-05-10,173,M003,Operational,0,2024-10-05,N/A
P0588,Product E,2026-05-11,104,M003,Maintenance,4,N/A,Anna
P0589,Product A,2026-05-12,179,M004,Operational,0,2024-10-02,Anna
P0590,Product E,2026-05-13,188,M004,Maintenance,4,2024-10-02,John
P0591,Product D,2026-05-14,122,M003,Operational,0,2024-10-02,N/A
P0592,Product D,2026-05-15,199,M005,Maintenance,7,2024-10-02,John
P0593,Product A,2026-05-16,192,M001,Maintenance,4,2024-10-02,Doe
P0594,Product C,2026-05-17,167,M003,Maintenance,2,2024-10-04,John
P0595,Product C,2026-05-18,134,M001,Operational,0,2024-10-05,Doe
P0596,Product D,2026-05-19,162,M003,Operational,0,N/A,Anna
P0597,Product D,2026-05-20,190,M001,Operational,0,N/A,N/A
P0598,Product E,2026-05-21,143,M005,Maintenance,1,2024-10-05,John
P0599,Product E,2026-05-22,108,M004,Maintenance,2,2024-10-02,N/A
P0600,Product E,2026-05-23,131,M003,Maintenance,3,2024-10-02,Anna
P0601,Product B,2026-05-24,184,M003,Maintenance,0,N/A,Anna
P0602,Product D,2026-05-25,118,M005,Operational,0,2024-10-02,Anna
P0603,Product B,2026-05-26,197,M002,Operational,0,2024-10-04,Anna
P0604,Product C,2026-05-27,124,M003,Operational,0,2024-10-04,Anna
P0605,Product D,2026-05-28,171,M001,Operational,0,2024-10-04,Anna
P0606,Product D,2026-05-29,104,M005,Maintenance,4,2024-10-05,John
P0607,Product A,2026-05-30,128,M002,Maintenance,0,2024-10-05,N/A
P0608,Product D,2026-05-31,152,M003,Maintenance,7,2024-10-04,John
P0609,Product C,2026-06-01,132,M003,Operational,0,2024-10-05,Anna
P0610,Product D,2026-06-02,152,M004,Operational,0,2024-10-04,Doe
P0611,Product B,2026-06-03,194,M002,Operational,0,2024-10-02,Doe
P0612,Product D,2026-06-04,119,M005,Maintenance,7,2024-10-05,Anna
P0613,Product B,2026-06-05,130,M001,Operational,0,2024-10-04,Anna
P0614,Product E,2026-06-06,130,M003,Maintenance,7,2024-10-05,Anna
P0615,Product E,2026-06-07,141,M005,Maintenance,8,N/A,N/A
P0616,Product A,2026-06-08,167,M004,Operational,0,N/A,N/A
P0617,Product D,2026-06-09,165,M003,Maintenance,0,2024-10-04,John
P0618,Product E,2026-06-10,103,M002,Maintenance,7,2024-10-04,N/A
P0619,Product E,2026-06-11,195,M005,Maintenance,3,2024-10-04,Anna
P0620,Product A,2026-06-12,157,M001,Operational,0,N/A,N/A
P0621,Product A,2026-06-13,132,M004,Operational,0,2024-10-05,Doe
P0622,Product D,2026-06-14,185,M005,Operational,0,N/A,Doe
P0623,Product B,2026-06-15,158,M003,Maintenance,3,2024-10-04,Anna
P0624,Product D,2026-06-16,147,M001,Operational,0,2024-10-04,N/A
P0625,Product B,2026-06-17,129,M003,Operational,0,2024-10-04,N/A
P0626,Product A,2026-06-18,159,M003,Maintenance,7,2024-10-04,John
P0627,Product C,2026-06-19,191,M002,Maintenance,7,2024-10-04,John
P0628,Product D,2026-06-20,132,M002,Maintenance,6,2024-10-04,Doe
P0629,Product C,2026-06-21,193,M003,Maintenance,7,2024-10-02,Anna
P0630,Product B,2026-06-22,154,M004,Operational,0,2024-10-02,Doe
P0631,Product D,2026-06-23,154,M002,Operational,0,2024-10-02,Anna
P0632,Product C,2026-06-24,124,M002,Operational,0,N/A,Anna
P0633,Product C,2026-06-25,150,M002,Maintenance,1,2024-10-05,Anna
P0634,Product D,2026-06-26,135,M002,Maintenance,0,2024-10-04,Anna
P0635,Product C,2026-06-27,185,M001,Maintenance,3,2024-10-02,N/A
P0636,Product D,2026-06-28,118,M003,Maintenance,8,N/A,Anna
P0637,Product C,2026-06-29,117,M001,Maintenance,4,2024-10-05,N/A
P0638,Product A,2026-06-30,194,M005,Operational,0,2024-10-04,Anna
P0639,Product D,2026-07-01,108,M005,Maintenance,8,2024-10-04,N/A
P0640,Product A,2026-07-02,110,M005,Maintenance,3,2024-10-05,N/A
P0641,Product E,2026-07-03,115,M001,Operational,0,2024-10-05,Doe
P0642,Product A,2026-07-04,149,M003,Maintenance,0,2024-10-05,Doe
P0643,Product C,2026-07-05,117,M005,Operational,0,N/A,John
P0644,Product B,2026-07-06,193,M002,Maintenance,2,2024-10-02,Doe
P0645,Product A,2026-07-07,154,M005,Operational,0,2024-10-04,Doe
P0646,Product A,2026-07-08,186,M004,Operational,0,2024-10-02,Anna
P0647,Product A,2026-07-09,176,M002,Maintenance,2,2024-10-05,John
P0648,Product B,2026-07-10,169,M002,Operational,0,2024-10-04,Doe
P0649,Product B,2026-07-11,161,M002,Maintenance,0,2024-10-04,Doe
P0650,Product A,2026-07-12,188,M005,Maintenance,5,2024-10-02,N/A
P0651,Product E,2026-07-13,180,M002,Maintenance,0,2024-10-02,John
P0652,Product B,2026-07-14,139,M004,Maintenance,2,2024-10-04,John
P0653,Product B,2026-07-15,200,M001,Maintenance,0,N/A,John
P0654,Product B,2026-07-16,119,M004,Maintenance,4,2024-10-05,N/A
P0655,Product D,2026-07-17,118,M003,Maintenance,5,2024-10-02,John
P0656,Product A,2026-07-18,150,M002,Operational,0,2024-10-04,John
P0657,Product E,2026-07-19,112,M004,Maintenance,1,2024-10-02,N/A
P0658,Product B,2026-07-20,180,M005,Maintenance,0,2024-10-04,John
P0659,Product D,2026-07-21,120,M003,Operational,0,N/A,John
P0660,Product C,2026-07-22,105,M004,Maintenance,1,2024-10-02,Anna
P0661,Product C,2026-07-23,191,M002,Maintenance,6,2024-10-04,Doe
P0662,Product B,2026-07-24,159,M005,Operational,0,2024-10-02,John
P0663,Product E,2026-07-25,169,M002,Maintenance,2,2024-10-04,N/A
P0664,Product E,2026-07-26,131,M003,Maintenance,2,2024-10-05,Anna
P0665,Product A,2026-07-27,194,M004,Maintenance,4,2024-10-04,Doe
P0666,Product B,2026-07-28,121,M002,Maintenance,8,2024-10-04,Doe
P0667,Product C,2026-07-29,186,M003,Operational,0,2024-10-04,Anna
P0668,Product A,2026-07-30,184,M005,Maintenance,2,2024-10-04,N/A
P0669,Product E,2026-07-31,151,M004,Maintenance,7,2024-10-05,Doe
P0670,Product A,2026-08-01,187,M004,Maintenance,5,N/A,Doe
P0671,Product C,2026-08-02,151,M003,Maintenance,0,2024-10-05,Doe
P0672,Product E,2026-08-03,142,M004,Maintenance,1,N/A,John
P0673,Product D,2026-08-04,103,M005,Operational,0,N/A,John
P0674,Product D,2026-08-05,149,M005,Operational,0,2024-10-05,Anna
P0675,Product B,2026-08-06,195,M004,Operational,0,2024-10-02,Anna
P0676,Product A,2026-08-07,190,M002,Operational,0,N/A,N/A
P0677,Product E,2026-08-08,126,M002,Maintenance,4,2024-10-05,N/A
P0678,Product B,2026-08-09,169,M005,Operational,0,2024-10-04,Anna
P0679,Product A,2026-08-10,113,M002,Maintenance,5,2024-10-05,N/A
P0680,Product C,2026-08-11,186,M003,Maintenance,5,N/A,Doe
P0681,Product E,2026-08-12,145,M001,Operational,0,2024-10-02,Doe
P0682,Product A,2026-08-13,179,M004,Maintenance,6,2024-10-02,N/A
P0683,Product E,2026-08-14,135,M003,Maintenance,1,2024-10-02,N/A
P0684,Product A,2026-08-15,125,M005,Operational,0,2024-10-04,Anna
P0685,Product C,2026-08-16,166,M001,Maintenance,6,2024-10-05,Anna
P0686,Product E,2026-08-17,121,M005,Operational,0,2024-10-05,N/A
P0687,Product D,2026-08-18,106,M001,Maintenance,8,2024-10-02,Doe
P0688,Product C,2026-08-19,190,M003,Operational,0,2024-10-04,John
P0689,Product A,2026-08-20,138,M001,Maintenance,1,2024-10-02,N/A
P0690,Product E,2026-08-21,128,M002,Maintenance,4,N/A,Anna
P0691,Product C,2026-08-22,131,M003,Operational,0,2024-10-05,Anna
P0692,Product A,2026-08-23,171,M004,Maintenance,7,2024-10-04,N/A
P0693,Product D,2026-08-24,130,M005,Maintenance,2,2024-10-02,Anna
P0694,Product D,2026-08-25,147,M002,Maintenance,1,2024-10-04,Doe
P0695,Product A,2026-08-26,183,M004,Maintenance,4,N/A,Anna
P0696,Product D,2026-08-27,162,M001,Operational,0,N/A,John
P0697,Product C,2026-08-28,134,M002,Maintenance,5,2024-10-05,John
P0698,Product D,2026-08-29,143,M004,Operational,0,2024-10-04,Doe
P0699,Product B,2026-08-30,108,M003,Operational,0,2024-10-02,Anna
P0700,Product D,2026-08-31,185,M001,Operational,0,2024-10-02,Anna
P0701,Product B,2026-09-01,193,M004,Maintenance,8,2024-10-02,N/A
P0702,Product E,2026-09-02,111,M001,Operational,0,2024-10-05,John
P0703,Product C,2026-09-03,130,M004,Operational,0,N/A,N/A
P0704,Product E,2026-09-04,196,M005,Maintenance,6,2024-10-02,N/A
P0705,Product E,2026-09-05,163,M003,Maintenance,8,2024-10-05,Anna
P0706,Product D,2026-09-06,144,M002,Maintenance,3,2024-10-05,John
P0707,Product D,2026-09-07,165,M004,Operational,0,2024-10-05,N/A
P0708,Product D,2026-09-08,189,M001,Operational,0,2024-10-05,Anna
P0709,Product E,2026-09-09,186,M003,Operational,0,2024-10-05,Doe
P0710,Product C,2026-09-10,175,M002,Maintenance,3,2024-10-05,John
P0711,Product C,2026-09-11,115,M001,Operational,0,N/A,Anna
P0712,Product B,2026-09-12,185,M003,Operational,0,N/A,Doe
P0713,Product A,2026-09-13,105,M001,Maintenance,0,2024-10-02,N/A
P0714,Product C,2026-09-14,108,M003,Maintenance,1,2024-10-04,N/A
P0715,Product D,2026-09-15,142,M002,Maintenance,8,N/A,N/A
P0716,Product B,2026-09-16,154,M002,Maintenance,1,2024-10-04,Doe
P0717,Product D,2026-09-17,106,M001,Operational,0,2024-10-02,Doe
P0718,Product E,2026-09-18,195,M003,Maintenance,7,N/A,N/A
P0719,Product E,2026-09-19,107,M004,Operational,0,N/A,N/A
P0720,Product D,2026-09-20,111,M002,Maintenance,4,2024-10-02,Doe
P0721,Product C,2026-09-21,155,M004,Operational,0,2024-10-02,Anna
P0722,Product A,2026-09-22,109,M004,Maintenance,6,2024-10-04,John
P0723,Product D,2026-09-23,154,M005,Maintenance,5,2024-10-04,N/A
P0724,Product C,2026-09-24,193,M001,Operational,0,2024-10-02,Doe
P0725,Product B,2026-09-25,128,M001,Operational,0,N/A,Anna
P0726,Product D,2026-09-26,188,M001,Operational,0,2024-10-05,Anna
P0727,Product B,2026-09-27,135,M003,Maintenance,4,2024-10-04,Anna
P0728,Product C,2026-09-28,182,M002,Maintenance,8,2024-10-02,N/A
P0729,Product C,2026-09-29,197,M002,Maintenance,5,N/A,Doe
P0730,Product C,2026-09-30,189,M005,Maintenance,2,N/A,John
P0731,Product C,2026-10-01,153,M005,Operational,0,2024-10-04,Doe
P0732,Product E,2026-10-02,182,M005,Maintenance,7,2024-10-04,Doe
P0733,Product C,2026-10-03,153,M004,Maintenance,8,2024-10-05,Anna
P0734,Product E,2026-10-04,101,M001,Maintenance,7,2024-10-04,John
P0735,Product A,2026-10-05,107,M003,Operational,0,2024-10-05,N/A
P0736,Product E,2026-10-06,139,M002,Maintenance,7,2024-10-02,N/A
P0737,Product B,2026-10-07,194,M003,Maintenance,2,2024-10-04,Anna
P0738,Product A,2026-10-08,184,M001,Maintenance,3,2024-10-05,N/A
P0739,Product B,2026-10-09,102,M001,Operational,0,2024-10-04,Doe
P0740,Product D,2026-10-10,159,M002,Maintenance,4,2024-10-02,Anna
P0741,Product D,2026-10-11,154,M004,Operational,0,2024-10-02,John
P0742,Product E,2026-10-12,101,M005,Operational,0,2024-10-05,Doe
P0743,Product B,2026-10-13,174,M004,Operational,0,N/A,John
P0744,Product D,2026-10-14,185,M001,Maintenance,3,2024-10-02,John
P0745,Product D,2026-10-15,103,M001,Operational,0,2024-10-02,Doe
P0746,Product D,2026-10-16,100,M004,Operational,0,2024-10-02,John
P0747,Product A,2026-10-17,151,M005,Operational,0,2024-10-02,Anna
P0748,Product A,2026-10-18,127,M005,Operational,0,N/A,Anna
P0749,Product C,2026-10-19,106,M001,Operational,0,2024-10-02,Doe
P0750,Product B,2026-10-20,182,M005,Maintenance,0,N/A,N/A
P0751,Product D,2026-10-21,124,M005,Maintenance,1,2024-10-04,John
P0752,Product B,2026-10-22,145,M002,Maintenance,0,N/A,Doe
P0753,Product C,2026-10-23,108,M002,Operational,0,2024-10-05,John
P0754,Product E,2026-10-24,128,M003,Maintenance,7,2024-10-04,Doe
P0755,Product C,2026-10-25,161,M004,Operational,0,N/A,John
P0756,Product D,2026-10-26,190,M001,Operational,0,N/A,N/A
P0757,Product E,2026-10-27,122,M005,Maintenance,1,N/A,Doe
P0758,Product E,2026-10-28,179,M003,Maintenance,3,N/A,Anna
P0759,Product C,2026-10-29,119,M002,Operational,0,N/A,N/A
P0760,Product D,2026-10-30,134,M005,Operational,0,N/A,Anna
P0761,Product E,2026-10-31,144,M004,Maintenance,6,2024-10-05,N/A
P0762,Product C,2026-11-01,109,M002,Maintenance,6,2024-10-05,Anna
P0763,Product C,2026-11-02,192,M001,Maintenance,0,2024-10-05,N/A
P0764,Product D,2026-11-03,170,M005,Operational,0,N/A,John
P0765,Product C,2026-11-04,164,M003,Operational,0,2024-10-04,Anna
P0766,Product C,2026-11-05,121,M001,Operational,0,2024-10-05,John
P0767,Product C,2026-11-06,198,M005,Maintenance,5,2024-10-02,Doe
P0768,Product B,2026-11-07,175,M005,Operational,0,2024-10-02,John
P0769,Product A,2026-11-08,126,M005,Operational,0,N/A,Anna
P0770,Product B,2026-11-09,155,M005,Operational,0,2024-10-04,N/A
P0771,Product C,2026-11-10,200,M005,Maintenance,5,2024-10-05,John
P0772,Product A,2026-11-11,109,M001,Maintenance,8,N/A,N/A
P0773,Product E,2026-11-12,183,M004,Operational,0,2024-10-04,Doe
P0774,Product B,2026-11-13,183,M004,Maintenance,3,2024-10-02,Doe
P0775,Product B,2026-11-14,200,M001,Operational,0,2024-10-05,Anna
P0776,Product B,2026-11-15,166,M004,Maintenance,0,N/A,N/A
P0777,Product D,2026-11-16,114,M003,Maintenance,3,N/A,John
P0778,Product C,2026-11-17,119,M003,Maintenance,4,2024-10-04,John
P0779,Product E,2026-11-18,142,M001,Maintenance,4,N/A,Doe
P0780,Product E,2026-11-19,126,M003,Maintenance,1,N/A,N/A
P0781,Product E,2026-11-20,175,M001,Operational,0,2024-10-05,N/A
P0782,Product C,2026-11-21,157,M003,Maintenance,4,2024-10-02,Doe
P0783,Product A,2026-11-22,117,M002,Maintenance,4,2024-10-02,John
P0784,Product B,2026-11-23,119,M001,Maintenance,8,2024-10-04,Doe
P0785,Product C,2026-11-24,137,M005,Operational,0,2024-10-02,N/A
P0786,Product B,2026-11-25,147,M003,Maintenance,8,2024-10-04,John
P0787,Product C,2026-11-26,158,M002,Operational,0,2024-10-05,Doe
P0788,Product B,2026-11-27,155,M001,Operational,0,2024-10-04,N/A
P0789,Product C,2026-11-28,128,M003,Maintenance,5,2024-10-02,N/A
P0790,Product A,2026-11-29,104,M005,Operational,0,N/A,Anna
P0791,Product E,2026-11-30,108,M003,Operational,0,2024-10-05,Anna
P0792,Product B,2026-12-01,135,M002,Maintenance,0,2024-10-02,Doe
P0793,Product C,2026-12-02,172,M004,Operational,0,2024-10-05,John
P0794,Product A,2026-12-03,146,M004,Operational,0,2024-10-04,John
P0795,Product A,2026-12-04,181,M002,Maintenance,1,2024-10-02,Anna
P0796,Product E,2026-12-05,182,M002,Operational,0,N/A,N/A
P0797,Product C,2026-12-06,103,M001,Maintenance,5,N/A,Anna
P0798,Product B,2026-12-07,185,M004,Maintenance,5,N/A,Doe
P0799,Product D,2026-12-08,161,M001,Operational,0,N/A,Anna
P0800,Product A,2026-12-09,104,M003,Maintenance,6,2024-10-05,John
P0801,Product A,2026-12-10,117,M002,Maintenance,0,2024-10-02,Doe
P0802,Product E,2026-12-11,181,M001,Operational,0,N/A,John
P0803,Product C,2026-12-12,188,M002,Maintenance,2,N/A,Doe
P0804,Product D,2026-12-13,131,M001,Operational,0,N/A,N/A
P0805,Product D,2026-12-14,114,M003,Operational,0,2024-10-04,Anna
P0806,Product D,2026-12-15,161,M003,Maintenance,3,2024-10-02,John
P0807,Product C,2026-12-16,125,M005,Maintenance,5,2024-10-05,Doe
P0808,Product B,2026-12-17,119,M004,Operational,0,2024-10-04,Anna
P0809,Product A,2026-12-18,108,M005,Operational,0,2024-10-04,John
P0810,Product C,2026-12-19,117,M004,Maintenance,5,2024-10-05,N/A
P0811,Product D,2026-12-20,123,M003,Maintenance,7,N/A,Doe
P0812,Product A,2026-12-21,129,M001,Operational,0,N/A,John
P0813,Product A,2026-12-22,139,M002,Maintenance,7,2024-10-02,John
P0814,Product D,2026-12-23,143,M003,Operational,0,N/A,N/A
P0815,Product D,2026-12-24,102,M003,Maintenance,0,2024-10-04,Doe
P0816,Product A,2026-12-25,165,M001,Operational,0,2024-10-04,Anna
P0817,Product E,2026-12-26,137,M003,Operational,0,2024-10-04,John
P0818,Product A,2026-12-27,153,M003,Maintenance,2,2024-10-05,Doe
P0819,Product B,2026-12-28,175,M001,Maintenance,7,N/A,Doe
P0820,Product B,2026-12-29,154,M003,Maintenance,2,N/A,N/A
P0821,Product E,2026-12-30,111,M004,Maintenance,7,N/A,John
P0822,Product C,2026-12-31,173,M004,Maintenance,8,N/A,Anna
P0823,Product A,2027-01-01,144,M004,Maintenance,5,2024-10-02,John
P0824,Product B,2027-01-02,164,M004,Maintenance,7,2024-10-02,John
P0825,Product A,2027-01-03,192,M003,Operational,0,2024-10-04,Anna
P0826,Product E,2027-01-04,117,M002,Operational,0,2024-10-04,Doe
P0827,Product D,2027-01-05,164,M004,Operational,0,2024-10-05,John
P0828,Product E,2027-01-06,187,M004,Operational,0,2024-10-04,Doe
P0829,Product E,2027-01-07,134,M003,Maintenance,6,N/A,N/A
P0830,Product E,2027-01-08,105,M005,Operational,0,2024-10-04,Doe
P0831,Product B,2027-01-09,166,M003,Maintenance,0,2024-10-04,Anna
P0832,Product E,2027-01-10,177,M001,Operational,0,2024-10-02,Anna
P0833,Product D,2027-01-11,118,M004,Maintenance,8,N/A,N/A
P0834,Product D,2027-01-12,137,M001,Operational,0,2024-10-05,Doe
P0835,Product D,2027-01-13,160,M004,Maintenance,4,2024-10-05,John
P0836,Product C,2027-01-14,151,M005,Maintenance,5,2024-10-05,N/A
P0837,Product E,2027-01-15,176,M002,Operational,0,2024-10-04,Anna
P0838,Product D,2027-01-16,142,M005,Operational,0,2024-10-05,Doe
P0839,Product C,2027-01-17,158,M003,Maintenance,8,2024-10-05,Anna
P0840,Product E,2027-01-18,129,M003,Maintenance,8,2024-10-05,John
P0841,Product E,2027-01-19,174,M001,Operational,0,2024-10-02,N/A
P0842,Product A,2027-01-20,146,M001,Maintenance,0,N/A,N/A
P0843,Product E,2027-01-21,105,M003,Operational,0,2024-10-02,Anna
P0844,Product A,2027-01-22,114,M003,Maintenance,3,N/A,N/A
P0845,Product B,2027-01-23,173,M003,Operational,0,2024-10-02,Doe
P0846,Product B,2027-01-24,152,M004,Operational,0,N/A,Doe
P0847,Product C,2027-01-25,184,M005,Maintenance,5,2024-10-05,Anna
P0848,Product A,2027-01-26,148,M004,Operational,0,2024-10-05,Anna
P0849,Product B,2027-01-27,167,M002,Maintenance,5,2024-10-05,N/A
P0850,Product B,2027-01-28,134,M004,Maintenance,1,2024-10-02,Anna
P0851,Product B,2027-01-29,117,M003,Maintenance,2,2024-10-05,Doe
P0852,Product E,2027-01-30,182,M004,Operational,0,2024-10-04,John
P0853,Product A,2027-01-31,160,M001,Maintenance,4,N/A,Doe
P0854,Product B,2027-02-01,180,M003,Operational,0,2024-10-02,N/A
P0855,Product A,2027-02-02,164,M005,Operational,0,2024-10-05,Anna
P0856,Product D,2027-02-03,151,M004,Operational,0,2024-10-05,Anna
P0857,Product D,2027-02-04,196,M003,Maintenance,0,N/A,Anna
P0858,Product E,2027-02-05,154,M001,Maintenance,5,2024-10-05,N/A
P0859,Product D,2027-02-06,122,M001,Operational,0,2024-10-05,John
P0860,Product C,2027-02-07,176,M004,Operational,0,N/A,N/A
P0861,Product A,2027-02-08,135,M003,Operational,0,N/A,Doe
P0862,Product B,2027-02-09,143,M005,Operational,0,2024-10-04,John
P0863,Product C,2027-02-10,175,M002,Operational,0,2024-10-04,Anna
P0864,Product C,2027-02-11,149,M001,Maintenance,6,N/A,Doe
P0865,Product D,2027-02-12,167,M002,Maintenance,8,2024-10-02,Anna
P0866,Product A,2027-02-13,140,M005,Operational,0,2024-10-04,John
P0867,Product B,2027-02-14,100,M004,Maintenance,2,N/A,N/A
P0868,Product C,2027-02-15,190,M001,Maintenance,6,2024-10-05,Doe
P0869,Product E,2027-02-16,126,M002,Maintenance,2,2024-10-02,N/A
P0870,Product B,2027-02-17,156,M001,Maintenance,1,2024-10-05,Doe
P0871,Product D,2027-02-18,146,M002,Operational,0,2024-10-04,Anna
P0872,Product A,2027-02-19,145,M003,Operational,0,2024-10-05,Anna
P0873,Product E,2027-02-20,184,M003,Maintenance,4,2024-10-02,N/A
P0874,Product B,2027-02-21,132,M004,Operational,0,N/A,Anna
P0875,Product B,2027-02-22,121,M005,Maintenance,5,N/A,John
P0876,Product C,2027-02-23,120,M001,Operational,0,2024-10-02,John
P0877,Product B,2027-02-24,139,M005,Operational,0,2024-10-05,John
P0878,Product A,2027-02-25,190,M002,Operational,0,2024-10-05,John
P0879,Product A,2027-02-26,199,M004,Operational,0,2024-10-02,Doe
P0880,Product B,2027-02-27,197,M003,Maintenance,0,N/A,Doe
P0881,Product C,2027-02-28,126,M003,Operational,0,2024-10-05,John
P0882,Product E,2027-03-01,198,M004,Maintenance,4,2024-10-04,Doe
P0883,Product E,2027-03-02,101,M001,Maintenance,6,2024-10-02,John
P0884,Product C,2027-03-03,172,M005,Operational,0,2024-10-04,N/A
P0885,Product D,2027-03-04,194,M002,Maintenance,1,2024-10-04,Doe
P0886,Product A,2027-03-05,151,M005,Maintenance,7,N/A,John
P0887,Product D,2027-03-06,110,M003,Maintenance,3,2024-10-02,John
P0888,Product C,2027-03-07,149,M004,Maintenance,5,2024-10-05,N/A
P0889,Product D,2027-03-08,160,M003,Operational,0,2024-10-05,N/A
P0890,Product C,2027-03-09,162,M003,Operational,0,2024-10-02,Anna
P0891,Product E,2027-03-10,172,M002,Maintenance,7,N/A,John
P0892,Product E,2027-03-11,108,M001,Maintenance,4,2024-10-05,Anna
P0893,Product D,2027-03-12,140,M001,Maintenance,3,2024-10-05,Doe
P0894,Product D,2027-03-13,196,M002,Maintenance,8,2024-10-05,John
P0895,Product A,2027-03-14,108,M004,Maintenance,4,N/A,John
P0896,Product E,2027-03-15,196,M005,Maintenance,2,2024-10-05,Doe
P0897,Product A,2027-03-16,166,M004,Operational,0,2024-10-05,N/A
P0898,Product D,2027-03-17,192,M005,Operational,0,2024-10-04,John
P0899,Product C,2027-03-18,138,M001,Maintenance,1,N/A,N/A
P0900,Product E,2027-03-19,135,M003,Maintenance,5,2024-10-05,John
P0901,Product C,2027-03-20,179,M003,Operational,0,N/A,Anna
P0902,Product A,2027-03-21,103,M004,Maintenance,0,N/A,N/A
P0903,Product A,2027-03-22,147,M002,Operational,0,2024-10-05,Anna
P0904,Product B,2027-03-23,158,M005,Maintenance,3,2024-10-05,John
P0905,Product E,2027-03-24,142,M003,Operational,0,N/A,Anna
P0906,Product E,2027-03-25,118,M004,Maintenance,1,N/A,John
P0907,Product A,2027-03-26,169,M002,Maintenance,7,N/A,John
P0908,Product C,2027-03-27,103,M001,Maintenance,8,2024-10-04,Anna
P0909,Product E,2027-03-28,101,M002,Maintenance,0,2024-10-02,John
P0910,Product A,2027-03-29,156,M001,Maintenance,7,2024-10-05,Doe
P0911,Product B,2027-03-30,139,M004,Operational,0,2024-10-04,John
P0912,Product D,2027-03-31,128,M002,Maintenance,8,2024-10-04,John
P0913,Product E,2027-04-01,181,M004,Maintenance,2,N/A,Doe
P0914,Product D,2027-04-02,121,M001,Operational,0,2024-10-02,N/A
P0915,Product C,2027-04-03,173,M003,Operational,0,2024-10-05,Doe
P0916,Product B,2027-04-04,137,M003,Operational,0,2024-10-04,Doe
P0917,Product E,2027-04-05,118,M001,Maintenance,3,2024-10-05,Doe
P0918,Product D,2027-04-06,190,M005,Operational,0,2024-10-04,Doe
P0919,Product D,2027-04-07,153,M005,Operational,0,2024-10-05,N/A
P0920,Product A,2027-04-08,156,M003,Operational,0,N/A,John
P0921,Product D,2027-04-09,136,M003,Maintenance,5,N/A,Anna
P0922,Product C,2027-04-10,131,M002,Maintenance,7,2024-10-02,N/A
P0923,Product D,2027-04-11,114,M002,Operational,0,N/A,N/A
P0924,Product C,2027-04-12,100,M003,Maintenance,8,2024-10-04,John
P0925,Product C,2027-04-13,107,M005,Operational,0,2024-10-04,Doe
P0926,Product A,2027-04-14,152,M002,Operational,0,2024-10-04,Doe
P0927,Product B,2027-04-15,159,M001,Maintenance,4,2024-10-04,N/A
P0928,Product C,2027-04-16,139,M002,Operational,0,N/A,Anna
P0929,Product D,2027-04-17,176,M002,Maintenance,5,N/A,Doe
P0930,Product D,2027-04-18,115,M002,Operational,0,2024-10-02,N/A
P0931,Product C,2027-04-19,159,M004,Maintenance,2,2024-10-05,Anna
P0932,Product D,2027-04-20,162,M001,Maintenance,1,2024-10-02,Anna
P0933,Product E,2027-04-21,148,M003,Operational,0,2024-10-05,Anna
P0934,Product A,2027-04-22,180,M005,Maintenance,8,N/A,Anna
P0935,Product D,2027-04-23,168,M005,Operational,0,2024-10-04,N/A
P0936,Product A,2027-04-24,111,M003,Operational,0,2024-10-02,N/A
P0937,Product C,2027-04-25,145,M004,Maintenance,2,2024-10-02,Anna
P0938,Product C,2027-04-26,161,M005,Maintenance,3,N/A,Doe
P0939,Product C,2027-04-27,114,M002,Operational,0,2024-10-05,Doe
P0940,Product A,2027-04-28,193,M005,Maintenance,0,2024-10-02,N/A
P0941,Product D,2027-04-29,196,M001,Operational,0,2024-10-05,Anna
P0942,Product E,2027-04-30,124,M001,Operational,0,2024-10-02,Anna
P0943,Product A,2027-05-01,153,M003,Operational,0,2024-10-04,N/A
P0944,Product E,2027-05-02,164,M004,Operational,0,N/A,N/A
P0945,Product D,2027-05-03,181,M004,Maintenance,7,2024-10-05,N/A
P0946,Product D,2027-05-04,163,M005,Operational,0,N/A,John
P0947,Product A,2027-05-05,148,M004,Operational,0,N/A,John
P0948,Product B,2027-05-06,172,M004,Operational,0,2024-10-05,Anna
P0949,Product E,2027-05-07,182,M005,Maintenance,6,2024-10-05,John
P0950,Product C,2027-05-08,189,M001,Operational,0,2024-10-02,Doe
P0951,Product E,2027-05-09,184,M002,Operational,0,2024-10-05,Anna
P0952,Product D,2027-05-10,160,M003,Maintenance,8,N/A,John
P0953,Product D,2027-05-11,140,M001,Operational,0,N/A,Anna
P0954,Product A,2027-05-12,102,M004,Maintenance,1,2024-10-05,Doe
P0955,Product B,2027-05-13,127,M004,Operational,0,2024-10-05,Doe
P0956,Product C,2027-05-14,126,M005,Maintenance,0,2024-10-02,Anna
P0957,Product E,2027-05-15,183,M003,Operational,0,2024-10-02,John
P0958,Product B,2027-05-16,161,M002,Operational,0,2024-10-02,Anna
P0959,Product C,2027-05-17,195,M005,Maintenance,4,N/A,Doe
P0960,Product D,2027-05-18,169,M005,Operational,0,2024-10-05,John
P0961,Product D,2027-05-19,153,M002,Operational,0,2024-10-04,John
P0962,Product A,2027-05-20,178,M002,Operational,0,2024-10-05,N/A
P0963,Product A,2027-05-21,118,M004,Maintenance,0,2024-10-05,Anna
P0964,Product E,2027-05-22,159,M005,Maintenance,1,2024-10-02,Doe
P0965,Product B,2027-05-23,107,M001,Maintenance,5,2024-10-04,Doe
P0966,Product B,2027-05-24,106,M001,Operational,0,2024-10-05,Anna
P0967,Product C,2027-05-25,100,M005,Maintenance,7,2024-10-04,Anna
P0968,Product E,2027-05-26,160,M002,Operational,0,2024-10-04,Doe
P0969,Product A,2027-05-27,167,M003,Operational,0,2024-10-05,Doe
P0970,Product E,2027-05-28,113,M002,Operational,0,2024-10-02,Anna
P0971,Product D,2027-05-29,150,M002,Operational,0,2024-10-02,Anna
P0972,Product A,2027-05-30,148,M003,Operational,0,2024-10-05,John
P0973,Product B,2027-05-31,140,M002,Maintenance,0,2024-10-04,N/A
P0974,Product A,2027-06-01,183,M003,Maintenance,1,2024-10-04,Doe
P0975,Product D,2027-06-02,164,M005,Operational,0,2024-10-02,John
P0976,Product A,2027-06-03,125,M003,Operational,0,2024-10-02,Anna
P0977,Product B,2027-06-04,162,M001,Maintenance,8,2024-10-02,N/A
P0978,Product D,2027-06-05,189,M003,Maintenance,4,2024-10-04,Doe
P0979,Product C,2027-06-06,173,M002,Operational,0,2024-10-04,N/A
P0980,Product E,2027-06-07,191,M005,Operational,0,2024-10-02,John
P0981,Product C,2027-06-08,127,M003,Operational,0,2024-10-02,Anna
P0982,Product D,2027-06-09,119,M002,Operational,0,2024-10-04,John
P0983,Product D,2027-06-10,115,M003,Operational,0,N/A,N/A
P0984,Product D,2027-06-11,137,M005,Maintenance,0,2024-10-04,John
P0985,Product B,2027-06-12,101,M005,Maintenance,4,2024-10-05,John
P0986,Product D,2027-06-13,133,M001,Maintenance,3,2024-10-05,Anna
P0987,Product E,2027-06-14,137,M005,Maintenance,5,2024-10-04,Anna
P0988,Product B,2027-06-15,198,M002,Operational,0,2024-10-05,N/A
P0989,Product D,2027-06-16,104,M005,Operational,0,N/A,N/A
P0990,Product B,2027-06-17,167,M005,Maintenance,3,N/A,John
P0991,Product E,2027-06-18,184,M002,Operational,0,N/A,Doe
P0992,Product E,2027-06-19,153,M002,Operational,0,2024-10-05,John
P0993,Product B,2027-06-20,114,M005,Maintenance,3,2024-10-02,N/A
P0994,Product A,2027-06-21,134,M005,Operational,0,N/A,John
P0995,Product C,2027-06-22,180,M003,Maintenance,4,N/A,Anna
P0996,Product D,2027-06-23,160,M005,Operational,0,2024-10-02,John
P0997,Product C,2027-06-24,105,M001,Operational,0,2024-10-04,Anna
P0998,Product E,2027-06-25,181,M001,Maintenance,4,2024-10-02,Doe
P0999,Product C,2027-06-26,132,M001,Maintenance,8,2024-10-04,Anna
P1000,Product A,2027-06-27,184,M001,Operational,0,2024-10-04,Doe
